timestamp,left_x,left_y,right_x,right_y,gaze_x,gaze_y,blink
2025-05-09 02:08:34.253115,,,,,,,1
2025-05-09 02:08:34.313876,,,,,,,1
2025-05-09 02:08:34.350736,,,,,,,1
2025-05-09 02:08:34.409239,309.0,267.0,364.0,279.0,336.0,273.0,0
2025-05-09 02:08:34.469267,308.0,267.0,364.0,278.0,336.0,272.0,0
2025-05-09 02:08:34.479747,307.0,269.0,377.0,284.0,338.0,273.0,0
2025-05-09 02:08:34.511719,308.0,268.0,377.0,284.0,339.0,274.0,0
2025-05-09 02:08:34.549329,314.0,274.0,379.0,289.0,340.0,275.0,0
2025-05-09 02:08:34.580453,313.0,274.0,380.0,290.0,342.0,277.0,0
2025-05-09 02:08:34.597109,318.0,275.0,386.0,290.0,345.0,279.0,0
2025-05-09 02:08:34.651152,322.0,277.0,382.0,292.0,347.0,281.0,0
2025-05-09 02:08:34.675948,322.0,277.0,382.0,288.0,349.0,282.0,0
2025-05-09 02:08:34.699499,325.0,276.0,398.0,290.0,352.0,282.0,0
2025-05-09 02:08:34.728967,325.0,276.0,398.0,290.0,355.0,282.0,0
2025-05-09 02:08:34.765915,327.0,277.0,396.0,290.0,357.0,283.0,0
2025-05-09 02:08:34.790017,329.0,277.0,397.0,291.0,359.0,283.0,0
2025-05-09 02:08:34.828400,327.0,276.0,400.0,289.0,361.0,283.0,0
2025-05-09 02:08:34.865227,327.0,276.0,400.0,289.0,362.0,282.0,0
2025-05-09 02:08:34.887735,327.0,275.0,396.0,287.0,362.0,282.0,0
2025-05-09 02:08:34.912656,327.0,275.0,396.0,286.0,362.0,281.0,0
2025-05-09 02:08:34.939845,328.0,275.0,396.0,286.0,362.0,281.0,0
2025-05-09 02:08:35.011281,329.0,274.0,403.0,287.0,362.0,280.0,0
2025-05-09 02:08:35.043706,329.0,274.0,403.0,286.0,363.0,280.0,0
2025-05-09 02:08:35.075618,326.0,274.0,402.0,285.0,363.0,279.0,0
2025-05-09 02:08:35.093210,329.0,273.0,402.0,285.0,364.0,279.0,0
2025-05-09 02:08:35.114253,328.0,273.0,403.0,285.0,365.0,279.0,0
2025-05-09 02:08:35.147413,328.0,273.0,403.0,285.0,365.0,279.0,0
2025-05-09 02:08:35.175881,329.0,268.0,398.0,282.0,364.0,278.0,0
2025-05-09 02:08:35.242650,329.0,271.0,406.0,282.0,365.0,277.0,0
2025-05-09 02:08:35.262918,329.0,271.0,406.0,282.0,365.0,277.0,0
2025-05-09 02:08:35.295844,330.0,270.0,400.0,280.0,365.0,276.0,0
2025-05-09 02:08:35.336942,330.0,270.0,400.0,280.0,365.0,275.0,0
2025-05-09 02:08:35.354212,330.0,267.0,407.0,280.0,366.0,275.0,0
2025-05-09 02:08:35.379846,330.0,266.0,407.0,280.0,366.0,274.0,0
2025-05-09 02:08:35.419185,331.0,266.0,407.0,280.0,367.0,273.0,0
2025-05-09 02:08:35.486474,331.0,265.0,407.0,279.0,367.0,273.0,0
2025-05-09 02:08:35.517731,331.0,265.0,407.0,279.0,368.0,272.0,0
2025-05-09 02:08:35.542538,331.0,265.0,406.0,279.0,368.0,272.0,0
2025-05-09 02:08:35.576219,330.0,265.0,406.0,279.0,368.0,272.0,0
2025-05-09 02:08:35.611425,330.0,263.0,406.0,279.0,368.0,271.0,0
2025-05-09 02:08:35.647883,330.0,263.0,406.0,279.0,368.0,271.0,0
2025-05-09 02:08:35.668610,330.0,263.0,406.0,279.0,368.0,271.0,0
2025-05-09 02:08:35.697271,330.0,263.0,406.0,279.0,368.0,271.0,0
2025-05-09 02:08:35.717760,330.0,266.0,405.0,279.0,367.0,271.0,0
2025-05-09 02:08:35.745513,330.0,263.0,405.0,279.0,367.0,271.0,0
2025-05-09 02:08:35.771345,330.0,266.0,405.0,278.0,367.0,271.0,0
2025-05-09 02:08:35.835814,328.0,263.0,405.0,277.0,367.0,271.0,0
2025-05-09 02:08:35.866441,328.0,263.0,405.0,277.0,366.0,271.0,0
2025-05-09 02:08:35.900239,330.0,265.0,405.0,277.0,366.0,270.0,0
2025-05-09 02:08:35.915691,330.0,265.0,405.0,277.0,366.0,270.0,0
2025-05-09 02:08:35.948916,329.0,263.0,405.0,277.0,366.0,270.0,0
2025-05-09 02:08:35.986507,329.0,263.0,405.0,277.0,366.0,270.0,0
2025-05-09 02:08:36.011432,329.0,264.0,405.0,277.0,367.0,270.0,0
2025-05-09 02:08:36.076681,329.0,265.0,404.0,278.0,366.0,270.0,0
2025-05-09 02:08:36.103919,329.0,265.0,404.0,278.0,366.0,270.0,0
2025-05-09 02:08:36.125155,329.0,263.0,405.0,278.0,366.0,270.0,0
2025-05-09 02:08:36.153476,328.0,263.0,405.0,278.0,366.0,270.0,0
2025-05-09 02:08:36.187310,328.0,268.0,405.0,278.0,366.0,271.0,0
2025-05-09 02:08:36.253623,328.0,265.0,405.0,278.0,366.0,271.0,0
2025-05-09 02:08:36.297636,328.0,265.0,404.0,278.0,366.0,271.0,0
2025-05-09 02:08:36.329738,328.0,264.0,405.0,279.0,366.0,271.0,0
2025-05-09 02:08:36.354899,328.0,264.0,405.0,279.0,366.0,271.0,0
2025-05-09 02:08:36.371486,329.0,269.0,406.0,280.0,366.0,271.0,0
2025-05-09 02:08:36.400389,329.0,266.0,406.0,279.0,366.0,271.0,0
2025-05-09 02:08:36.429905,330.0,266.0,407.0,280.0,366.0,272.0,0
2025-05-09 02:08:36.466449,329.0,266.0,407.0,280.0,367.0,272.0,0
2025-05-09 02:08:36.489916,330.0,266.0,406.0,281.0,367.0,273.0,0
2025-05-09 02:08:36.516563,330.0,266.0,406.0,281.0,367.0,272.0,0
2025-05-09 02:08:36.538759,332.0,267.0,407.0,282.0,368.0,273.0,0
2025-05-09 02:08:36.566823,332.0,267.0,407.0,282.0,368.0,273.0,0
2025-05-09 02:08:36.603536,330.0,268.0,407.0,283.0,368.0,273.0,0
2025-05-09 02:08:36.672508,332.0,269.0,406.0,283.0,368.0,274.0,0
2025-05-09 02:08:36.697185,332.0,269.0,406.0,283.0,368.0,275.0,0
2025-05-09 02:08:36.724555,329.0,273.0,404.0,284.0,368.0,275.0,0
2025-05-09 02:08:36.739072,330.0,272.0,404.0,284.0,367.0,276.0,0
2025-05-09 02:08:36.777592,330.0,270.0,404.0,284.0,367.0,277.0,0
2025-05-09 02:08:36.820520,331.0,270.0,404.0,284.0,367.0,277.0,0
2025-05-09 02:08:36.853480,329.0,272.0,403.0,285.0,366.0,277.0,0
2025-05-09 02:08:36.910412,328.0,270.0,403.0,285.0,366.0,277.0,0
2025-05-09 02:08:36.947619,328.0,270.0,403.0,285.0,366.0,277.0,0
2025-05-09 02:08:36.970036,327.0,273.0,403.0,285.0,365.0,277.0,0
2025-05-09 02:08:36.999585,327.0,273.0,403.0,285.0,365.0,278.0,0
2025-05-09 02:08:37.018905,326.0,273.0,401.0,285.0,364.0,278.0,0
2025-05-09 02:08:37.087140,326.0,274.0,401.0,285.0,364.0,278.0,0
2025-05-09 02:08:37.105957,326.0,274.0,401.0,285.0,363.0,279.0,0
2025-05-09 02:08:37.131790,327.0,274.0,395.0,284.0,363.0,279.0,0
2025-05-09 02:08:37.148971,327.0,274.0,395.0,284.0,362.0,279.0,0
2025-05-09 02:08:37.199236,324.0,274.0,393.0,284.0,361.0,279.0,0
2025-05-09 02:08:37.234041,324.0,274.0,393.0,284.0,360.0,279.0,0
2025-05-09 02:08:37.266350,323.0,275.0,391.0,284.0,359.0,279.0,0
2025-05-09 02:08:37.287320,323.0,275.0,393.0,284.0,358.0,279.0,0
2025-05-09 02:08:37.325540,322.0,275.0,398.0,286.0,358.0,279.0,0
2025-05-09 02:08:37.361882,322.0,275.0,398.0,286.0,358.0,279.0,0
2025-05-09 02:08:37.388020,325.0,276.0,398.0,286.0,359.0,279.0,0
2025-05-09 02:08:37.439416,326.0,277.0,400.0,288.0,360.0,280.0,0
2025-05-09 02:08:37.476471,326.0,277.0,400.0,288.0,361.0,281.0,0
2025-05-09 02:08:37.506213,328.0,277.0,402.0,289.0,362.0,281.0,0
2025-05-09 02:08:37.549024,328.0,277.0,402.0,289.0,363.0,282.0,0
2025-05-09 02:08:37.586572,331.0,279.0,403.0,290.0,364.0,282.0,0
2025-05-09 02:08:37.621523,331.0,279.0,403.0,289.0,365.0,283.0,0
2025-05-09 02:08:37.638674,329.0,278.0,405.0,290.0,366.0,283.0,0
2025-05-09 02:08:37.677502,331.0,278.0,406.0,291.0,366.0,283.0,0
2025-05-09 02:08:37.699908,330.0,278.0,406.0,291.0,367.0,284.0,0
2025-05-09 02:08:37.740678,330.0,278.0,407.0,291.0,367.0,284.0,0
2025-05-09 02:08:37.756978,330.0,278.0,407.0,291.0,367.0,284.0,0
2025-05-09 02:08:37.789515,330.0,280.0,407.0,291.0,368.0,284.0,0
2025-05-09 02:08:37.825607,330.0,280.0,407.0,291.0,368.0,284.0,0
2025-05-09 02:08:37.851263,331.0,280.0,407.0,292.0,368.0,284.0,0
2025-05-09 02:08:37.919533,331.0,281.0,407.0,292.0,368.0,285.0,0
2025-05-09 02:08:37.948490,331.0,280.0,407.0,292.0,368.0,285.0,0
2025-05-09 02:08:37.976705,331.0,281.0,406.0,293.0,368.0,286.0,0
2025-05-09 02:08:38.008100,331.0,281.0,406.0,293.0,368.0,286.0,0
2025-05-09 02:08:38.027085,330.0,282.0,412.0,294.0,369.0,286.0,0
2025-05-09 02:08:38.044529,330.0,282.0,412.0,294.0,369.0,287.0,0
2025-05-09 02:08:38.093396,330.0,283.0,396.0,293.0,368.0,287.0,0
2025-05-09 02:08:38.129385,330.0,283.0,396.0,293.0,367.0,287.0,0
2025-05-09 02:08:38.153675,330.0,284.0,396.0,294.0,366.0,288.0,0
2025-05-09 02:08:38.197790,331.0,284.0,396.0,294.0,364.0,288.0,0
2025-05-09 02:08:38.219449,331.0,285.0,395.0,294.0,363.0,288.0,0
2025-05-09 02:08:38.271303,328.0,285.0,404.0,297.0,363.0,289.0,0
2025-05-09 02:08:38.303224,328.0,285.0,404.0,296.0,364.0,289.0,0
2025-05-09 02:08:38.345467,328.0,285.0,404.0,298.0,364.0,290.0,0
2025-05-09 02:08:38.375582,328.0,285.0,404.0,298.0,365.0,290.0,0
2025-05-09 02:08:38.400392,328.0,285.0,404.0,297.0,366.0,290.0,0
2025-05-09 02:08:38.426450,328.0,285.0,404.0,297.0,366.0,290.0,0
2025-05-09 02:08:38.459592,328.0,284.0,404.0,296.0,366.0,290.0,0
2025-05-09 02:08:38.511750,330.0,284.0,405.0,296.0,366.0,290.0,0
2025-05-09 02:08:38.536724,330.0,284.0,405.0,296.0,366.0,290.0,0
2025-05-09 02:08:38.574193,330.0,283.0,408.0,294.0,367.0,289.0,0
2025-05-09 02:08:38.612907,330.0,283.0,408.0,294.0,367.0,289.0,0
2025-05-09 02:08:38.642453,330.0,283.0,408.0,293.0,368.0,288.0,0
2025-05-09 02:08:38.669748,330.0,283.0,408.0,294.0,368.0,288.0,0
2025-05-09 02:08:38.701201,329.0,282.0,405.0,294.0,368.0,288.0,0
2025-05-09 02:08:38.757412,329.0,281.0,405.0,294.0,368.0,287.0,0
2025-05-09 02:08:38.797764,330.0,282.0,405.0,294.0,367.0,287.0,0
2025-05-09 02:08:38.826668,329.0,280.0,405.0,293.0,367.0,287.0,0
2025-05-09 02:08:38.863167,329.0,280.0,404.0,293.0,366.0,287.0,0
2025-05-09 02:08:38.891775,326.0,279.0,405.0,291.0,366.0,286.0,0
2025-05-09 02:08:38.924755,330.0,277.0,405.0,291.0,366.0,285.0,0
2025-05-09 02:08:38.961000,330.0,275.0,405.0,289.0,366.0,284.0,0
2025-05-09 02:08:38.997605,329.0,275.0,405.0,289.0,366.0,283.0,0
2025-05-09 02:08:39.032685,325.0,274.0,404.0,288.0,366.0,282.0,0
2025-05-09 02:08:39.068668,323.0,273.0,403.0,287.0,365.0,281.0,0
2025-05-09 02:08:39.102034,323.0,272.0,403.0,287.0,364.0,280.0,0
2025-05-09 02:08:39.135742,324.0,271.0,403.0,285.0,364.0,280.0,0
2025-05-09 02:08:39.172167,324.0,271.0,403.0,285.0,363.0,279.0,0
2025-05-09 02:08:39.188920,332.0,270.0,401.0,284.0,363.0,278.0,0
2025-05-09 02:08:39.217794,332.0,270.0,401.0,284.0,364.0,277.0,0
2025-05-09 02:08:39.249010,322.0,270.0,398.0,284.0,363.0,277.0,0
2025-05-09 02:08:39.284534,322.0,270.0,398.0,283.0,363.0,277.0,0
2025-05-09 02:08:39.318249,319.0,266.0,396.0,281.0,361.0,276.0,0
2025-05-09 02:08:39.358341,316.0,264.0,389.0,276.0,359.0,274.0,0
2025-05-09 02:08:39.394260,316.0,264.0,389.0,274.0,356.0,273.0,0
2025-05-09 02:08:39.412396,310.0,260.0,384.0,271.0,353.0,270.0,0
2025-05-09 02:08:39.448261,308.0,261.0,383.0,271.0,350.0,268.0,0
2025-05-09 02:08:39.477440,306.0,259.0,380.0,266.0,347.0,266.0,0
2025-05-09 02:08:39.494412,306.0,259.0,380.0,266.0,346.0,264.0,0
2025-05-09 02:08:39.525650,,,372.0,264.0,,,1
2025-05-09 02:08:39.586114,303.0,258.0,366.0,259.0,342.0,262.0,0
2025-05-09 02:08:39.622864,,,366.0,258.0,,,1
2025-05-09 02:08:39.655238,,,357.0,255.0,,,1
2025-05-09 02:08:39.685246,,,357.0,255.0,,,1
2025-05-09 02:08:39.711329,,,354.0,251.0,,,1
2025-05-09 02:08:39.733490,271.0,250.0,355.0,250.0,335.0,259.0,0
2025-05-09 02:08:39.759944,274.0,250.0,349.0,247.0,328.0,256.0,0
2025-05-09 02:08:39.794629,273.0,249.0,350.0,247.0,322.0,253.0,0
2025-05-09 02:08:39.824442,278.0,248.0,345.0,246.0,316.0,250.0,0
2025-05-09 02:08:39.869178,278.0,248.0,341.0,245.0,311.0,247.0,0
2025-05-09 02:08:39.900713,278.0,249.0,341.0,246.0,310.0,247.0,0
2025-05-09 02:08:39.931169,,,344.0,245.0,,,1
2025-05-09 02:08:39.964370,,,344.0,245.0,,,1
2025-05-09 02:08:40.000419,281.0,247.0,343.0,244.0,310.0,246.0,0
2025-05-09 02:08:40.026701,280.0,249.0,343.0,244.0,310.0,246.0,0
2025-05-09 02:08:40.044305,,,348.0,247.0,,,1
2025-05-09 02:08:40.082267,,,348.0,247.0,,,1
2025-05-09 02:08:40.110517,268.0,249.0,346.0,249.0,309.0,246.0,0
2025-05-09 02:08:40.173951,273.0,249.0,353.0,253.0,310.0,247.0,0
2025-05-09 02:08:40.203997,273.0,249.0,354.0,254.0,311.0,248.0,0
2025-05-09 02:08:40.237095,276.0,260.0,365.0,267.0,312.0,252.0,0
2025-05-09 02:08:40.275284,,,366.0,268.0,,,1
2025-05-09 02:08:40.312521,,,,,,,1
2025-05-09 02:08:40.331798,,,,,,,1
2025-05-09 02:08:40.351273,,,,,,,1
2025-05-09 02:08:40.416722,308.0,290.0,370.0,300.0,318.0,261.0,0
2025-05-09 02:08:40.449620,,,,,,,1
2025-05-09 02:08:40.469487,,,,,,,1
2025-05-09 02:08:40.484862,,,,,,,1
2025-05-09 02:08:40.527773,305.0,295.0,364.0,307.0,323.0,272.0,0
2025-05-09 02:08:40.558460,305.0,295.0,364.0,307.0,328.0,282.0,0
2025-05-09 02:08:40.589231,307.0,295.0,362.0,306.0,332.0,292.0,0
2025-05-09 02:08:40.650298,304.0,296.0,357.0,308.0,334.0,299.0,0
2025-05-09 02:08:40.689977,304.0,298.0,357.0,308.0,332.0,301.0,0
2025-05-09 02:08:40.717571,,,,,,,1
2025-05-09 02:08:40.735930,,,,,,,1
2025-05-09 02:08:40.762829,,,,,,,1
2025-05-09 02:08:40.783887,,,,,,,1
2025-05-09 02:08:40.832883,,,,,,,1
2025-05-09 02:08:40.850368,,,,,,,1
2025-05-09 02:08:40.876258,,,,,,,1
2025-05-09 02:08:40.889240,,,,,,,1
2025-05-09 02:08:40.944673,,,,,,,1
2025-05-09 02:08:41.009319,,,,,,,1
2025-05-09 02:08:41.030673,,,,,,,1
2025-05-09 02:08:41.070810,,,,,,,1
2025-05-09 02:08:41.086456,,,,,,,1
2025-05-09 02:08:41.116188,,,,,,,1
2025-05-09 02:08:41.134677,,,,,,,1
2025-05-09 02:08:41.183308,,,,,,,1
2025-05-09 02:08:41.244416,,,,,,,1
2025-05-09 02:08:41.264299,,,,,,,1
2025-05-09 02:08:41.293522,,,,,,,1
2025-05-09 02:08:41.315435,,,,,,,1
2025-05-09 02:08:41.364521,,,,,,,1
2025-05-09 02:08:41.385224,,,,,,,1
2025-05-09 02:08:41.423189,,,,,,,1
2025-05-09 02:08:41.489957,,,,,,,1
2025-05-09 02:08:41.504348,,,,,,,1
2025-05-09 02:08:41.534514,,,,,,,1
2025-05-09 02:08:41.557043,,,,,,,1
2025-05-09 02:08:41.600722,,,,,,,1
2025-05-09 02:08:41.624012,,,,,,,1
2025-05-09 02:08:41.665826,,,,,,,1
2025-05-09 02:08:41.693161,,,,,,,1
2025-05-09 02:08:41.712950,,,,,,,1
2025-05-09 02:08:41.734714,,,,,,,1
2025-05-09 02:08:41.775192,,,,,,,1
2025-05-09 02:08:41.840215,,,,,,,1
2025-05-09 02:08:41.864152,,,,,,,1
2025-05-09 02:08:41.900934,,,,,,,1
2025-05-09 02:08:41.924921,,,,,,,1
2025-05-09 02:08:41.951370,,,,,,,1
2025-05-09 02:08:41.976152,,,,,,,1
2025-05-09 02:08:42.017674,,,,,,,1
2025-05-09 02:08:42.077080,,,,,,,1
2025-05-09 02:08:42.095686,,,,,,,1
2025-05-09 02:08:42.126167,,,,,,,1
2025-05-09 02:08:42.148359,,,,,,,1
2025-05-09 02:08:42.191316,,,,,,,1
2025-05-09 02:08:42.256392,,,,,,,1
2025-05-09 02:08:42.270165,,,,,,,1
2025-05-09 02:08:42.322348,,,,,,,1
2025-05-09 02:08:42.342432,,,,,,,1
2025-05-09 02:08:42.384778,,,,,,,1
2025-05-09 02:08:42.409532,,,,,,,1
2025-05-09 02:08:42.429241,,,,,,,1
2025-05-09 02:08:42.452621,,,,,,,1
2025-05-09 02:08:42.496037,,,,,,,1
2025-05-09 02:08:42.520030,,,,,,,1
2025-05-09 02:08:42.543765,,,,,,,1
